"Collection Name","Title#1","Title Type#1","Name#1","Name Role Term Text#1","Name URI#1","Name#2","Name Role Term Text#2","Name URI#2","Name#3","Name Role Term Text#3","Name URI#3","Resource Type#1","Resource Type URI#1","Genre#1","Genre URI#1","Date Created#1","Language Term#1","Language Term URI#1","Language Term Type#1","Extent#1","Form#1","Form URI#1","Abstract#1","Subject Topic#1","Subject Topic URI#1","Subject Topic#2","Subject Topic URI#2","Subject Topic#3","Subject Topic URI#3","Subject Topic#4","Subject Topic URI#4","Subject Topic#5","Subject Topic URI#5","Subject Name#1","Subject Name URI#1","Subject Geographic#1","Subject Geographic URI#1","Subject Temporal#1","Subject Temporal URI#1","Identifier#1","Identifier ARK#1","Physical Location#1","Date Captured#1","Internet Media Type#1","Internet Media Type URI#1","Digital Origin#1","Access Condition#1","Access Condition URI#1","ln_RECORDID","ln_MEDIAID","ln_RECORD_BATCHID","lnexp_MEDIAFILENAME","lnexp_PAGEURL"
"CU Museum of Natural History: Olsen-Chubbuck Collection","6A cross-section of arroyo and bone bed","Devised","Wheat, Joe Ben","Creator","http://id.loc.gov/authorities/names/n86818999","","","","","","","Still image","http://id.loc.gov/vocabulary/resourceTypes/img","Photographs","http://id.loc.gov/authorities/genreForms/gf2017027249","1958/1960","","","","1 photograph; 3.5"" x 5""","black-and-white photographs","https://vocab.getty.edu/aat/300128347","A photograph of a cross-section of the dry arroyo and bone bed at Section 23 of the Olsen-Chubbuck site. The cross-section is semi-triangular in shape and filled with bones embedded in dirt. This image was used as figure 12a on page 24 of Joe Ben Wheat's Olsen-Chubbuck publication.","Excavations (Archaeology)","https://lccn.loc.gov/sh85046105","Prehistoric peoples","https://lccn.loc.gov/sh85080302","Bison","https://lccn.loc.gov/sh85014451","Paleo-Indians","https://lccn.loc.gov/sh85097016","","","","","Olsen-Chubbuck Site (Colo.)","https://lccn.loc.gov/sh2006006916","Twentieth century","https://lccn.loc.gov/sh85139020","arc-olc04_004_006_001.jpg","https://ark.colorado.edu/ark:/47540/fw1v2k42b28f","CU Museum of Natural History","2024","image/jpeg","local","reformatted digital","This Item is protected by copyright and/or related rights. You are free to use this Item in any way that is permitted by the copyright and related rights legislation that applies to your use. For other uses you need to obtain permission from the rights-holder(s).","http://rightsstatements.org/vocab/InC/1.0/","37","1247882","5254","arc-olc04_004_006_001.jpg","https://cudl.colorado.edu//luna/servlet/detail/CUB~49~49~37~1247882"
"CU Museum of Natural History: Olsen-Chubbuck Collection","6B cross-section of arroyo","Devised","Wheat, Joe Ben","Creator","http://id.loc.gov/authorities/names/n86818999","","","","","","","Still image","http://id.loc.gov/vocabulary/resourceTypes/img","Photographs","http://id.loc.gov/authorities/genreForms/gf2017027249","1958/1960","","","","1 photograph; 3.5"" x 5""","black-and-white photographs","https://vocab.getty.edu/aat/300128347","A photograph of a cross-section of the dry arroyo at Section 3 of the Olsen-Chubbuck site. The cross-section is semi-triangular in shape and shows a smooth wall of packed soil. This image was used as figure 12b on page 24 of Joe Ben Wheat's Olsen-Chubbuck publication.","Excavations (Archaeology)","https://lccn.loc.gov/sh85046105","Prehistoric peoples","https://lccn.loc.gov/sh85080302","Bison","https://lccn.loc.gov/sh85014451","Paleo-Indians","https://lccn.loc.gov/sh85097016","","","","","Olsen-Chubbuck Site (Colo.)","https://lccn.loc.gov/sh2006006916","Twentieth century","https://lccn.loc.gov/sh85139020","arc-olc04_004_006_002.jpg","https://ark.colorado.edu/ark:/47540/xm557v67g7bg","CU Museum of Natural History","2024","image/jpeg","local","reformatted digital","This Item is protected by copyright and/or related rights. You are free to use this Item in any way that is permitted by the copyright and related rights legislation that applies to your use. For other uses you need to obtain permission from the rights-holder(s).","http://rightsstatements.org/vocab/InC/1.0/","38","1247881","5254","arc-olc04_004_006_002.jpg","https://cudl.colorado.edu//luna/servlet/detail/CUB~49~49~38~1247881"
"CU Museum of Natural History: Olsen-Chubbuck Collection","Beginning excavation, JBW 58 OC-5","Devised","Wheat, Joe Ben","Creator","http://id.loc.gov/authorities/names/n86818999","","","","","","","Still image","http://id.loc.gov/vocabulary/resourceTypes/img","Photographs","http://id.loc.gov/authorities/genreForms/gf2017027249","1958","","","","1 photograph; 2.5"" x 3.5""","black-and-white negatives","https://vocab.getty.edu/aat/300128343","A landscape photo of the Olsen-Chubbuck archeological site. In the midground, four people are beginning the excavation of the site with shovels. In the background is the horizon and a light sky with clouds. Negative of print UCM# arc-olc04_001_001_018.","Excavations (Archaeology)","https://lccn.loc.gov/sh85046105","Prehistoric peoples","https://lccn.loc.gov/sh85080302","Bison","https://lccn.loc.gov/sh85014451","Paleo-Indians","https://lccn.loc.gov/sh85097016","","","","","Olsen-Chubbuck Site (Colo.)","https://lccn.loc.gov/sh2006006916","Twentieth century","https://lccn.loc.gov/sh85139020","arc-olc05_002_005_001.jpg","https://ark.colorado.edu/ark:/47540/p21k3v08d1cs","CU Museum of Natural History","2024","image/jpeg","local","reformatted digital","This Item is protected by copyright and/or related rights. You are free to use this Item in any way that is permitted by the copyright and related rights legislation that applies to your use. For other uses you need to obtain permission from the rights-holder(s).","http://rightsstatements.org/vocab/InC/1.0/","44","1247875","5254","arc-olc05_002_005_001.jpg","https://cudl.colorado.edu//luna/servlet/detail/CUB~49~49~44~1247875"
"CU Museum of Natural History: Olsen-Chubbuck Collection","Bison skeleton 6A-6GG, JBW 60-16-7","Devised","Wheat, Joe Ben","Creator","http://id.loc.gov/authorities/names/n86818999","","","","","","","Still image","http://id.loc.gov/vocabulary/resourceTypes/img","Photographs","http://id.loc.gov/authorities/genreForms/gf2017027249","1958/1960","","","","1 photograph; 2.5"" x 3.5""","black-and-white negatives","https://vocab.getty.edu/aat/300128343","A photograph of a partially excavated complete bison skeleton. The skull is on the right side of the frame, with the rest of the skeleton extending to the left. The bones are numbered individually, 6A-6GG. This image was used as figure 13b on page 30 of Joe Ben Wheat's Olsen-Chubbuck publication.","Excavations (Archaeology)","https://lccn.loc.gov/sh85046105","Prehistoric peoples","https://lccn.loc.gov/sh85080302","Bison","https://lccn.loc.gov/sh85014451","Paleo-Indians","https://lccn.loc.gov/sh85097016","","","","","Olsen-Chubbuck Site (Colo.)","https://lccn.loc.gov/sh2006006916","Twentieth century","https://lccn.loc.gov/sh85139020","arc-olc05_002_190_001.jpg","https://ark.colorado.edu/ark:/47540/sx3k0f9125fs","CU Museum of Natural History","2024","image/jpeg","local","reformatted digital","This Item is protected by copyright and/or related rights. You are free to use this Item in any way that is permitted by the copyright and related rights legislation that applies to your use. For other uses you need to obtain permission from the rights-holder(s).","http://rightsstatements.org/vocab/InC/1.0/","54","1247865","5254","arc-olc05_002_190_001.jpg","https://cudl.colorado.edu//luna/servlet/detail/CUB~49~49~54~1247865"
"CU Museum of Natural History: Olsen-Chubbuck Collection","Bob Wainwright and Joe Ben Wheat in bone bed","Devised","Wheat, Joe Ben","Creator","http://id.loc.gov/authorities/names/n86818999","","","","","","","Still image","http://id.loc.gov/vocabulary/resourceTypes/img","Photographs","http://id.loc.gov/authorities/genreForms/gf2017027249","1960","","","","1 photograph; 4"" x 5""","black-and-white negatives","https://vocab.getty.edu/aat/300128343","A photograph of the Olsen-Chubbuck archeological dig site. In a semi-excavated bone bed, Joe Ben Wheat stands to the left, smoking a pipe, while Bob Wainwright kneels to the right in a pile of bones with a brush.","Excavations (Archaeology)","https://lccn.loc.gov/sh85046105","Prehistoric peoples","https://lccn.loc.gov/sh85080302","Bison","https://lccn.loc.gov/sh85014451","Paleo-Indians","https://lccn.loc.gov/sh85097016","","","","","Olsen-Chubbuck Site (Colo.)","https://lccn.loc.gov/sh2006006916","Twentieth century","https://lccn.loc.gov/sh85139020","arc-olc05_001_015_001.jpg","https://ark.colorado.edu/ark:/47540/zr9f7r22j83v","CU Museum of Natural History","2024","image/jpeg","local","reformatted digital","This Item is protected by copyright and/or related rights. You are free to use this Item in any way that is permitted by the copyright and related rights legislation that applies to your use. For other uses you need to obtain permission from the rights-holder(s).","http://rightsstatements.org/vocab/InC/1.0/","43","1247876","5254","arc-olc05_001_015_001.jpg","https://cudl.colorado.edu//luna/servlet/detail/CUB~49~49~43~1247876"
"CU Museum of Natural History: Olsen-Chubbuck Collection","Bone 10-NN and projectile point, JBW 60-14-6","Devised","Wheat, Joe Ben","Creator","http://id.loc.gov/authorities/names/n86818999","","","","","","","Still image","http://id.loc.gov/vocabulary/resourceTypes/img","Photographs","http://id.loc.gov/authorities/genreForms/gf2017027249","1958/1960","","","","1 photograph; 2.5"" x 3.5""","black-and-white negatives","https://vocab.getty.edu/aat/300128343","A photograph, a closeup of a rectangular segment of bone marked ""10-NN"". Above it is a dark stone projectile point lying in the soil.","Excavations (Archaeology)","https://lccn.loc.gov/sh85046105","Prehistoric peoples","https://lccn.loc.gov/sh85080302","Bison","https://lccn.loc.gov/sh85014451","Paleo-Indians","https://lccn.loc.gov/sh85097016","Projectile points","https://lccn.loc.gov/sh85107373","","","Olsen-Chubbuck Site (Colo.)","https://lccn.loc.gov/sh2006006916","Twentieth century","https://lccn.loc.gov/sh85139020","arc-olc05_002_174_001.jpg","https://ark.colorado.edu/ark:/47540/9h6p1g23811j","CU Museum of Natural History","2024","image/jpeg","local","reformatted digital","This Item is protected by copyright and/or related rights. You are free to use this Item in any way that is permitted by the copyright and related rights legislation that applies to your use. For other uses you need to obtain permission from the rights-holder(s).","http://rightsstatements.org/vocab/InC/1.0/","52","1247867","5254","arc-olc05_002_174_001.jpg","https://cudl.colorado.edu//luna/servlet/detail/CUB~49~49~52~1247867"
"CU Museum of Natural History: Olsen-Chubbuck Collection","Bones and projectile point in situ, JBW 60-16-4","Devised","Wheat, Joe Ben","Creator","http://id.loc.gov/authorities/names/n86818999","","","","","","","Still image","http://id.loc.gov/vocabulary/resourceTypes/img","Photographs","http://id.loc.gov/authorities/genreForms/gf2017027249","1958/1960","","","","1 photograph; 2.5"" x 3.5""","black-and-white negatives","https://vocab.getty.edu/aat/300128343","A photograph of various bones embedded in soil, with a dark-colored stone projectile point in the center. There is a black and white scale above the bones.","Excavations (Archaeology)","https://lccn.loc.gov/sh85046105","Prehistoric peoples","https://lccn.loc.gov/sh85080302","Bison","https://lccn.loc.gov/sh85014451","Paleo-Indians","https://lccn.loc.gov/sh85097016","Projectile points","https://lccn.loc.gov/sh85107373","","","Olsen-Chubbuck Site (Colo.)","https://lccn.loc.gov/sh2006006916","Twentieth century","https://lccn.loc.gov/sh85139020","arc-olc05_002_187_001.jpg","https://ark.colorado.edu/ark:/47540/k68f0c1643g7","CU Museum of Natural History","2024","image/jpeg","local","reformatted digital","This Item is protected by copyright and/or related rights. You are free to use this Item in any way that is permitted by the copyright and related rights legislation that applies to your use. For other uses you need to obtain permission from the rights-holder(s).","http://rightsstatements.org/vocab/InC/1.0/","53","1247866","5254","arc-olc05_002_187_001.jpg","https://cudl.colorado.edu//luna/servlet/detail/CUB~49~49~53~1247866"
"CU Museum of Natural History: Olsen-Chubbuck Collection","Collected projectile points","Devised","Wheat, Joe Ben","Creator","http://id.loc.gov/authorities/names/n86818999","","","","","","","Still image","http://id.loc.gov/vocabulary/resourceTypes/img","Photographs","http://id.loc.gov/authorities/genreForms/gf2017027249","1960","","","","1 photograph; 8” x 10”","black-and-white photographs","https://vocab.getty.edu/aat/300128347","A photograph of 26 projectile points arranged in four rows on a dark fabric background. The points are, left to right: (first row) 10483, F-7, F-12, 10484, F-4, 10481, F-3, 10970; (second row) 10482, 10968, F-9; (third row) 10492, 10486, F-2, F-11, 10969, F-9, F-5; (fourth row) 10974, 10485, 10482, F-6, F-10, F-1, F-8. Four of the points have their catalog numbers written on them in dark ink.","Excavations (Archaeology)","https://lccn.loc.gov/sh85046105","Prehistoric peoples","https://lccn.loc.gov/sh85080302","Bison","https://lccn.loc.gov/sh85014451","Paleo-Indians","https://lccn.loc.gov/sh85097016","Projectile points","https://lccn.loc.gov/sh85107373","","","Olsen-Chubbuck Site (Colo.)","https://lccn.loc.gov/sh2006006916","Twentieth century","https://lccn.loc.gov/sh85139020","arc-olc04_001_002_002.jpg","https://ark.colorado.edu/ark:/47540/h57z6j4303tc","CU Museum of Natural History","2024","image/jpeg","local","reformatted digital","This Item is protected by copyright and/or related rights. You are free to use this Item in any way that is permitted by the copyright and related rights legislation that applies to your use. For other uses you need to obtain permission from the rights-holder(s).","http://rightsstatements.org/vocab/InC/1.0/","19","1247900","5254","arc-olc04_001_002_002.jpg","https://cudl.colorado.edu//luna/servlet/detail/CUB~49~49~19~1247900"
"CU Museum of Natural History: Olsen-Chubbuck Collection","Dry arroyo full of bones, JBW 60-5-6","Devised","Wheat, Joe Ben","Creator","http://id.loc.gov/authorities/names/n86818999","","","","","","","Still image","http://id.loc.gov/vocabulary/resourceTypes/img","Photographs","http://id.loc.gov/authorities/genreForms/gf2017027249","1958/1960","","","","1 photograph; 2.5"" x 3.5""","black-and-white negatives","https://vocab.getty.edu/aat/300128343","A photograph, only a circle in the center is illuminated. Inside is a top-down view of a dry arroyo full of bones.","Excavations (Archaeology)","https://lccn.loc.gov/sh85046105","Prehistoric peoples","https://lccn.loc.gov/sh85080302","Bison","https://lccn.loc.gov/sh85014451","Paleo-Indians","https://lccn.loc.gov/sh85097016","","","","","Olsen-Chubbuck Site (Colo.)","https://lccn.loc.gov/sh2006006916","Twentieth century","https://lccn.loc.gov/sh85139020","arc-olc05_002_107_001.jpg","https://ark.colorado.edu/ark:/47540/jr9v3t3597f0","CU Museum of Natural History","2024","image/jpeg","local","reformatted digital","This Item is protected by copyright and/or related rights. You are free to use this Item in any way that is permitted by the copyright and related rights legislation that applies to your use. For other uses you need to obtain permission from the rights-holder(s).","http://rightsstatements.org/vocab/InC/1.0/","49","1247870","5254","arc-olc05_002_107_001.jpg","https://cudl.colorado.edu//luna/servlet/detail/CUB~49~49~49~1247870"
"CU Museum of Natural History: Olsen-Chubbuck Collection","Eight projectile fragments from surface","Devised","Wheat, Joe Ben","Creator","http://id.loc.gov/authorities/names/n86818999","","","","","","","Still image","http://id.loc.gov/vocabulary/resourceTypes/img","Photographs","http://id.loc.gov/authorities/genreForms/gf2017027249","1958/1960","","","","1 photograph; 4"" x 5""","black-and-white negatives","https://vocab.getty.edu/aat/300128343","A photograph of eight light-colored stone projectile fragments arranged in two columns of four on a dark surface with a ruler to the right. They were collected from the surface of the Olsen-Chubbuck site by Jerry Chubbuck.","Excavations (Archaeology)","https://lccn.loc.gov/sh85046105","Prehistoric peoples","https://lccn.loc.gov/sh85080302","Bison","https://lccn.loc.gov/sh85014451","Paleo-Indians","https://lccn.loc.gov/sh85097016","Projectile points","https://lccn.loc.gov/sh85107373","","","Olsen-Chubbuck Site (Colo.)","https://lccn.loc.gov/sh2006006916","Twentieth century","https://lccn.loc.gov/sh85139020","arc-olc05_001_004_001.jpg","https://ark.colorado.edu/ark:/47540/265v1161c1gd","CU Museum of Natural History","2024","image/jpeg","local","reformatted digital","This Item is protected by copyright and/or related rights. You are free to use this Item in any way that is permitted by the copyright and related rights legislation that applies to your use. For other uses you need to obtain permission from the rights-holder(s).","http://rightsstatements.org/vocab/InC/1.0/","41","1247878","5254","arc-olc05_001_004_001.jpg","https://cudl.colorado.edu//luna/servlet/detail/CUB~49~49~41~1247878"
"CU Museum of Natural History: Olsen-Chubbuck Collection","Embedded projectile point (Fig. A)","Devised","Wheat, Joe Ben","Creator","http://id.loc.gov/authorities/names/n86818999","","","","","","","Still image","http://id.loc.gov/vocabulary/resourceTypes/img","Photographs","http://id.loc.gov/authorities/genreForms/gf2017027249","1958/1960","","","","1 photograph; 4.5"" x 5.5""","black-and-white photographs","https://vocab.getty.edu/aat/300128347","A detail photograph of a partially embedded projectile point in the center of the image, surrounded by partially embedded bones. There is a lowercase letter a in the bottom left corner.","Excavations (Archaeology)","https://lccn.loc.gov/sh85046105","Prehistoric peoples","https://lccn.loc.gov/sh85080302","Bison","https://lccn.loc.gov/sh85014451","Paleo-Indians","https://lccn.loc.gov/sh85097016","Projectile points","https://lccn.loc.gov/sh85107373","","","Olsen-Chubbuck Site (Colo.)","https://lccn.loc.gov/sh2006006916","Twentieth century","https://lccn.loc.gov/sh85139020","arc-olc04_003_031.jpg","https://ark.colorado.edu/ark:/47540/qb7m2r9760vx","CU Museum of Natural History","2024","image/jpeg","local","reformatted digital","This Item is protected by copyright and/or related rights. You are free to use this Item in any way that is permitted by the copyright and related rights legislation that applies to your use. For other uses you need to obtain permission from the rights-holder(s).","http://rightsstatements.org/vocab/InC/1.0/","31","1247888","5254","arc-olc04_003_031.jpg","https://cudl.colorado.edu//luna/servlet/detail/CUB~49~49~31~1247888"
"CU Museum of Natural History: Olsen-Chubbuck Collection","Figure originals for report","Devised","Wheat, Joe Ben","Creator","http://id.loc.gov/authorities/names/n86818999","","","","","","","Text","http://id.loc.gov/vocabulary/resourceTypes/txt","Field notes","https://vocab.getty.edu/aat/300027201","1960/1972","English","http://id.loc.gov/vocabulary/iso639-2/eng","eng","39 pages","Records (Documents)","http://id.loc.gov/authorities/genreForms/gf2014026163","Written descriptions of figures used in Joe Ben Wheat's Olsen-Chubbuck manuscript report as well as hand-drawn maps and drafts of page layouts.","Excavations (Archaeology)","https://lccn.loc.gov/sh85046105","Prehistoric peoples","https://lccn.loc.gov/sh85080302","Bison","https://lccn.loc.gov/sh85014451","Paleo-Indians","https://lccn.loc.gov/sh85097016","","","","","Olsen-Chubbuck Site (Colo.)","https://lccn.loc.gov/sh2006006916","Twentieth century","https://lccn.loc.gov/sh85139020","arc-olc01-004_001_001.pdf","https://ark.colorado.edu/ark:/47540/0c0n8389j091","CU Museum of Natural History","2024","application/pdf","https://www.iana.org/assignments/media-types/application/pdf","reformatted digital","This Item is protected by copyright and/or related rights. You are free to use this Item in any way that is permitted by the copyright and related rights legislation that applies to your use. For other uses you need to obtain permission from the rights-holder(s).","http://rightsstatements.org/vocab/InC/1.0/","2","1247932","5254","arc-olc01-004_001_001.pdf","https://cudl.colorado.edu//luna/servlet/detail/CUB~49~49~2~1247932"
"CU Museum of Natural History: Olsen-Chubbuck Collection","Grid over bone bed (Fig. B)","Devised","Wheat, Joe Ben","Creator","http://id.loc.gov/authorities/names/n86818999","","","","","","","Still image","http://id.loc.gov/vocabulary/resourceTypes/img","Photographs","http://id.loc.gov/authorities/genreForms/gf2017027249","1958/1960","","","","1 photograph; 2.75"" x 5.25""","black-and-white photographs","https://vocab.getty.edu/aat/300128347","A photograph of a string grid over a section of partially excavated bone, collected in the center of the frame. Two skulls are visible in the middle of the bones. A lowercase letter b is printed in the bottom left corner.","Excavations (Archaeology)","https://lccn.loc.gov/sh85046105","Prehistoric peoples","https://lccn.loc.gov/sh85080302","Bison","https://lccn.loc.gov/sh85014451","Paleo-Indians","https://lccn.loc.gov/sh85097016","","","","","Olsen-Chubbuck Site (Colo.)","https://lccn.loc.gov/sh2006006916","Twentieth century","https://lccn.loc.gov/sh85139020","arc-olc04_003_024.jpg","https://ark.colorado.edu/ark:/47540/jf7q2m81k7sz","CU Museum of Natural History","2024","image/jpeg","local","reformatted digital","This Item is protected by copyright and/or related rights. You are free to use this Item in any way that is permitted by the copyright and related rights legislation that applies to your use. For other uses you need to obtain permission from the rights-holder(s).","http://rightsstatements.org/vocab/InC/1.0/","29","1247890","5254","arc-olc04_003_024.jpg","https://cudl.colorado.edu//luna/servlet/detail/CUB~49~49~29~1247890"
"CU Museum of Natural History: Olsen-Chubbuck Collection","Grid over bone bed, JBW 60-3-3","Devised","Wheat, Joe Ben","Creator","http://id.loc.gov/authorities/names/n86818999","","","","","","","Still image","http://id.loc.gov/vocabulary/resourceTypes/img","Photographs","http://id.loc.gov/authorities/genreForms/gf2017027249","1958/1960","","","","1 photograph; 2.5"" x 3.5""","black-and-white negatives","https://vocab.getty.edu/aat/300128343","A photograph of a string grid over the middle section of the bone bed. Bones are collected in the center of the frame.","Excavations (Archaeology)","https://lccn.loc.gov/sh85046105","Prehistoric peoples","https://lccn.loc.gov/sh85080302","Bison","https://lccn.loc.gov/sh85014451","Paleo-Indians","https://lccn.loc.gov/sh85097016","","","","","Olsen-Chubbuck Site (Colo.)","https://lccn.loc.gov/sh2006006916","Twentieth century","https://lccn.loc.gov/sh85139020","arc-olc05_002_093_001.jpg","https://ark.colorado.edu/ark:/47540/fx3z9w86z7c9","CU Museum of Natural History","2024","image/jpeg","local","reformatted digital","This Item is protected by copyright and/or related rights. You are free to use this Item in any way that is permitted by the copyright and related rights legislation that applies to your use. For other uses you need to obtain permission from the rights-holder(s).","http://rightsstatements.org/vocab/InC/1.0/","48","1247871","5254","arc-olc05_002_093_001.jpg","https://cudl.colorado.edu//luna/servlet/detail/CUB~49~49~48~1247871"
"CU Museum of Natural History: Olsen-Chubbuck Collection","Grid over end of bone bed (Fig. B)","Devised","Wheat, Joe Ben","Creator","http://id.loc.gov/authorities/names/n86818999","","","","","","","Still image","http://id.loc.gov/vocabulary/resourceTypes/img","Photographs","http://id.loc.gov/authorities/genreForms/gf2017027249","1958/1960","","","","1 photograph; 2.5"" x 5.25""","black-and-white photographs","https://vocab.getty.edu/aat/300128347","A photograph of a string grid over the end of a column of partially excavated bone. The upper left and upper right quadrants are in shadow. There is a lowercase letter b printed in the bottom right corner.","Excavations (Archaeology)","https://lccn.loc.gov/sh85046105","Prehistoric peoples","https://lccn.loc.gov/sh85080302","Bison","https://lccn.loc.gov/sh85014451","Paleo-Indians","https://lccn.loc.gov/sh85097016","","","","","Olsen-Chubbuck Site (Colo.)","https://lccn.loc.gov/sh2006006916","Twentieth century","https://lccn.loc.gov/sh85139020","arc-olc04_003_028.jpg","https://ark.colorado.edu/ark:/47540/pv502f61w9s5","CU Museum of Natural History","2024","image/jpeg","local","reformatted digital","This Item is protected by copyright and/or related rights. You are free to use this Item in any way that is permitted by the copyright and related rights legislation that applies to your use. For other uses you need to obtain permission from the rights-holder(s).","http://rightsstatements.org/vocab/InC/1.0/","30","1247889","5254","arc-olc04_003_028.jpg","https://cudl.colorado.edu//luna/servlet/detail/CUB~49~49~30~1247889"
"CU Museum of Natural History: Olsen-Chubbuck Collection","Hammerstone-anvil and Side Scraper","Devised","Wheat, Joe Ben","Creator","http://id.loc.gov/authorities/names/n86818999","","","","","","","Still image","http://id.loc.gov/vocabulary/resourceTypes/img","Photographs","http://id.loc.gov/authorities/genreForms/gf2017027249","1958/1960","","","","1 photograph; 8” x 10”","black-and-white photographs","https://vocab.getty.edu/aat/300128347","A photograph of a light-colored round stone hammerstone-anvil, UCM# 10492, a semi-triangular stone side scraper, UCM# 10491, and a small light-colored stick to the right of both objects. All three rest on a light-colored surface and cast long shadows to the left of the frame.","Excavations (Archaeology)","https://lccn.loc.gov/sh85046105","Prehistoric peoples","https://lccn.loc.gov/sh85080302","Bison","https://lccn.loc.gov/sh85014451","Paleo-Indians","https://lccn.loc.gov/sh85097016","","","","","Olsen-Chubbuck Site (Colo.)","https://lccn.loc.gov/sh2006006916","Twentieth century","https://lccn.loc.gov/sh85139020","arc-olc04_001_002_001.jpg","https://ark.colorado.edu/ark:/47540/wp1k8x47467h","CU Museum of Natural History","2024","image/jpeg","local","reformatted digital","This Item is protected by copyright and/or related rights. You are free to use this Item in any way that is permitted by the copyright and related rights legislation that applies to your use. For other uses you need to obtain permission from the rights-holder(s).","http://rightsstatements.org/vocab/InC/1.0/","18","1247901","5254","arc-olc04_001_002_001.jpg","https://cudl.colorado.edu//luna/servlet/detail/CUB~49~49~18~1247901"
"CU Museum of Natural History: Olsen-Chubbuck Collection","Illustration of bison butchering","Devised","Wheat, Joe Ben","Creator","http://id.loc.gov/authorities/names/n86818999","","","","","","","Still image","http://id.loc.gov/vocabulary/resourceTypes/img","Photographs","http://id.loc.gov/authorities/genreForms/gf2017027249","1958/1960","","","","1 photograph; 4"" x 5""","black-and-white negatives","https://vocab.getty.edu/aat/300128343","A negative of a hand-drawn illustration, showing a group of people in the process of butchering a herd of bison. The bison are collected in an arroyo running through the center of the frame, with people on either side dismembering the bison or cooking around a fire.","Excavations (Archaeology)","https://lccn.loc.gov/sh85046105","Prehistoric peoples","https://lccn.loc.gov/sh85080302","Bison","https://lccn.loc.gov/sh85014451","Paleo-Indians","https://lccn.loc.gov/sh85097016","","","","","Olsen-Chubbuck Site (Colo.)","https://lccn.loc.gov/sh2006006916","Twentieth century","https://lccn.loc.gov/sh85139020","arc-olc05_003_009_001.jpg","https://ark.colorado.edu/ark:/47540/t06s0j7168xv","CU Museum of Natural History","2024","image/jpeg","local","reformatted digital","This Item is protected by copyright and/or related rights. You are free to use this Item in any way that is permitted by the copyright and related rights legislation that applies to your use. For other uses you need to obtain permission from the rights-holder(s).","http://rightsstatements.org/vocab/InC/1.0/","57","1247862","5254","arc-olc05_003_009_001.jpg","https://cudl.colorado.edu//luna/servlet/detail/CUB~49~49~57~1247862"
"CU Museum of Natural History: Olsen-Chubbuck Collection","Illustration of bison kill","Devised","Wheat, Joe Ben","Creator","http://id.loc.gov/authorities/names/n86818999","","","","","","","Still image","http://id.loc.gov/vocabulary/resourceTypes/img","Photographs","http://id.loc.gov/authorities/genreForms/gf2017027249","1958/1960","","","","1 photograph; 4"" x 5""","black-and-white negatives","https://vocab.getty.edu/aat/300128343","A negative of a hand-drawn illustration, showing three people holding weapons in front of a stampeding herd of bison. Some of the bison run into an arroyo in the middle of the image, while others run towards the right of the frame.","Excavations (Archaeology)","https://lccn.loc.gov/sh85046105","Prehistoric peoples","https://lccn.loc.gov/sh85080302","Bison","https://lccn.loc.gov/sh85014451","Paleo-Indians","https://lccn.loc.gov/sh85097016","","","","","Olsen-Chubbuck Site (Colo.)","https://lccn.loc.gov/sh2006006916","Twentieth century","https://lccn.loc.gov/sh85139020","arc-olc05_003_007_001.jpg","https://ark.colorado.edu/ark:/47540/z1828x95506n","CU Museum of Natural History","2024","image/jpeg","local","reformatted digital","This Item is protected by copyright and/or related rights. You are free to use this Item in any way that is permitted by the copyright and related rights legislation that applies to your use. For other uses you need to obtain permission from the rights-holder(s).","http://rightsstatements.org/vocab/InC/1.0/","55","1247864","5254","arc-olc05_003_007_001.jpg","https://cudl.colorado.edu//luna/servlet/detail/CUB~49~49~55~1247864"
"CU Museum of Natural History: Olsen-Chubbuck Collection","Illustration of bison kill","Devised","Wheat, Joe Ben","Creator","http://id.loc.gov/authorities/names/n86818999","","","","","","","Still image","http://id.loc.gov/vocabulary/resourceTypes/img","Photographs","http://id.loc.gov/authorities/genreForms/gf2017027249","1958/1960","","","","1 photograph; 4"" x 5""","black-and-white negatives","https://vocab.getty.edu/aat/300128343","A negative of a hand-drawn illustration, showing several people holding arrow-like weapons surrounding a herd of bison on a grassy plain.","Excavations (Archaeology)","https://lccn.loc.gov/sh85046105","Prehistoric peoples","https://lccn.loc.gov/sh85080302","Bison","https://lccn.loc.gov/sh85014451","Paleo-Indians","https://lccn.loc.gov/sh85097016","","","","","Olsen-Chubbuck Site (Colo.)","https://lccn.loc.gov/sh2006006916","Twentieth century","https://lccn.loc.gov/sh85139020","arc-olc05_003_008_001.jpg","https://ark.colorado.edu/ark:/47540/qz6t4k71g366","CU Museum of Natural History","2024","image/jpeg","local","reformatted digital","This Item is protected by copyright and/or related rights. You are free to use this Item in any way that is permitted by the copyright and related rights legislation that applies to your use. For other uses you need to obtain permission from the rights-holder(s).","http://rightsstatements.org/vocab/InC/1.0/","56","1247863","5254","arc-olc05_003_008_001.jpg","https://cudl.colorado.edu//luna/servlet/detail/CUB~49~49~56~1247863"
"CU Museum of Natural History: Olsen-Chubbuck Collection","Illustrations for manuscript","Devised","Wheat, Joe Ben","Creator","http://id.loc.gov/authorities/names/n86818999","","","","","","","Text","http://id.loc.gov/vocabulary/resourceTypes/txt","Field notes","https://vocab.getty.edu/aat/300027201","1960/1972","English","http://id.loc.gov/vocabulary/iso639-2/eng","eng","39 pages","Records (Documents)","http://id.loc.gov/authorities/genreForms/gf2014026163","A combination of hand-drawn and printed illustrations used in Joe Ben Wheat's Olsen-Chubbuck manuscript, labeled with letters and numbers.","Excavations (Archaeology)","https://lccn.loc.gov/sh85046105","Prehistoric peoples","https://lccn.loc.gov/sh85080302","Bison","https://lccn.loc.gov/sh85014451","Paleo-Indians","https://lccn.loc.gov/sh85097016","","","","","Olsen-Chubbuck Site (Colo.)","https://lccn.loc.gov/sh2006006916","Twentieth century","https://lccn.loc.gov/sh85139020","arc-olc01-003_001_001.pdf","https://ark.colorado.edu/ark:/47540/fg2t3621q935","CU Museum of Natural History","2024","application/pdf","https://www.iana.org/assignments/media-types/application/pdf","reformatted digital","This Item is protected by copyright and/or related rights. You are free to use this Item in any way that is permitted by the copyright and related rights legislation that applies to your use. For other uses you need to obtain permission from the rights-holder(s).","http://rightsstatements.org/vocab/InC/1.0/","1","1247934","5254","arc-olc01-003_001_001.pdf","https://cudl.colorado.edu//luna/servlet/detail/CUB~49~49~1~1247934"
"CU Museum of Natural History: Olsen-Chubbuck Collection","Joe Ben Wheat field notebook","Devised","Wheat, Joe Ben","Creator","http://id.loc.gov/authorities/names/n86818999","","","","","","","Text","http://id.loc.gov/vocabulary/resourceTypes/txt","Field notes","https://vocab.getty.edu/aat/300027201","1960","English","http://id.loc.gov/vocabulary/iso639-2/eng","eng","44 pages","Records (Documents)","http://id.loc.gov/authorities/genreForms/gf2014026163","A small spiral-bound field notebook, containing Joe Ben Wheat's handwritten notes and sketched maps of the Olsen-Chubbuck archeological dig site.","Excavations (Archaeology)","https://lccn.loc.gov/sh85046105","Prehistoric peoples","https://lccn.loc.gov/sh85080302","Bison","https://lccn.loc.gov/sh85014451","Paleo-Indians","https://lccn.loc.gov/sh85097016","","","","","Olsen-Chubbuck Site (Colo.)","https://lccn.loc.gov/sh2006006916","Twentieth century","https://lccn.loc.gov/sh85139020","arc-olc02-01_006_001.pdf","https://ark.colorado.edu/ark:/47540/9k2h9s48201j","CU Museum of Natural History","2024","application/pdf","https://www.iana.org/assignments/media-types/application/pdf","reformatted digital","This Item is protected by copyright and/or related rights. You are free to use this Item in any way that is permitted by the copyright and related rights legislation that applies to your use. For other uses you need to obtain permission from the rights-holder(s).","http://rightsstatements.org/vocab/InC/1.0/","7","1247922","5254","arc-olc02-01_006_001.pdf","https://cudl.colorado.edu//luna/servlet/detail/CUB~49~49~7~1247922"
"CU Museum of Natural History: Olsen-Chubbuck Collection","Lister, Olsen, Chubbuck at site in May 1958, JBW 58 OC-65","Devised","Wheat, Joe Ben","Creator","http://id.loc.gov/authorities/names/n86818999","","","","","","","Still image","http://id.loc.gov/vocabulary/resourceTypes/img","Photographs","http://id.loc.gov/authorities/genreForms/gf2017027249","1958","","","","1 photograph; 2.5"" x 2.5""","black-and-white negatives","https://vocab.getty.edu/aat/300128343","A photograph of the Olsen-Chubbuck archeological site. Three people, identified as Lister, Sigurd Olsen, and Jerry Chubbuck, stand around a partially dug hole. One of them holds a shovel. Negative of print UCM# arc-olc04_001_001_041.","Excavations (Archaeology)","https://lccn.loc.gov/sh85046105","Prehistoric peoples","https://lccn.loc.gov/sh85080302","Bison","https://lccn.loc.gov/sh85014451","Paleo-Indians","https://lccn.loc.gov/sh85097016","","","","","Olsen-Chubbuck Site (Colo.)","https://lccn.loc.gov/sh2006006916","Twentieth century","https://lccn.loc.gov/sh85139020","arc-olc05_002_065_001.jpg","https://ark.colorado.edu/ark:/47540/9c230w45f614","CU Museum of Natural History","2024","image/jpeg","local","reformatted digital","This Item is protected by copyright and/or related rights. You are free to use this Item in any way that is permitted by the copyright and related rights legislation that applies to your use. For other uses you need to obtain permission from the rights-holder(s).","http://rightsstatements.org/vocab/InC/1.0/","47","1247872","5254","arc-olc05_002_065_001.jpg","https://cudl.colorado.edu//luna/servlet/detail/CUB~49~49~47~1247872"
"CU Museum of Natural History: Olsen-Chubbuck Collection","Olsen-Chubbuck site, articulated bones: field notebook","Devised","Wheat, Joe Ben","Creator","http://id.loc.gov/authorities/names/n86818999","","","","","","","Text","http://id.loc.gov/vocabulary/resourceTypes/txt","Field notes","https://vocab.getty.edu/aat/300027201","1960","English","http://id.loc.gov/vocabulary/iso639-2/eng","eng","112 pages","Records (Documents)","http://id.loc.gov/authorities/genreForms/gf2014026163","A folder of handwritten tables and hand-drawn diagrams describing excavated bones at the Olsen-Chubbuck archeological dig site. The folder is divided into eight sections: complete animals, partly butchered units, pelvic girdle units, rear leg units, front leg units, foot units, vertebral column units, and skull units.","Excavations (Archaeology)","https://lccn.loc.gov/sh85046105","Prehistoric peoples","https://lccn.loc.gov/sh85080302","Bison","https://lccn.loc.gov/sh85014451","Paleo-Indians","https://lccn.loc.gov/sh85097016","","","","","Olsen-Chubbuck Site (Colo.)","https://lccn.loc.gov/sh2006006916","Twentieth century","https://lccn.loc.gov/sh85139020","arc-olc02-01_005_001.pdf","https://ark.colorado.edu/ark:/47540/kb5j403332wt","CU Museum of Natural History","2024","application/pdf","https://www.iana.org/assignments/media-types/application/pdf","reformatted digital","This Item is protected by copyright and/or related rights. You are free to use this Item in any way that is permitted by the copyright and related rights legislation that applies to your use. For other uses you need to obtain permission from the rights-holder(s).","http://rightsstatements.org/vocab/InC/1.0/","6","1247924","5254","arc-olc02-01_005_001.pdf","https://cudl.colorado.edu//luna/servlet/detail/CUB~49~49~6~1247924"
"CU Museum of Natural History: Olsen-Chubbuck Collection","Olsen-Chubbuck site, disarticulated bones: field notebook","Devised","Wheat, Joe Ben","Creator","http://id.loc.gov/authorities/names/n86818999","","","","","","","Text","http://id.loc.gov/vocabulary/resourceTypes/txt","Field notes","https://vocab.getty.edu/aat/300027201","1960","English","http://id.loc.gov/vocabulary/iso639-2/eng","eng","162 pages","Records (Documents)","http://id.loc.gov/authorities/genreForms/gf2014026163","A folder of handwritten tables describing the number, size, location, and other elements of bones from the excavation of the Olsen-Chubbuck archeological dig site.","Excavations (Archaeology)","https://lccn.loc.gov/sh85046105","Prehistoric peoples","https://lccn.loc.gov/sh85080302","Bison","https://lccn.loc.gov/sh85014451","Paleo-Indians","https://lccn.loc.gov/sh85097016","","","","","Olsen-Chubbuck Site (Colo.)","https://lccn.loc.gov/sh2006006916","Twentieth century","https://lccn.loc.gov/sh85139020","arc-olc02-01_004_001.pdf","https://ark.colorado.edu/ark:/47540/933x1j48j8h2","CU Museum of Natural History","2024","application/pdf","https://www.iana.org/assignments/media-types/application/pdf","reformatted digital","This Item is protected by copyright and/or related rights. You are free to use this Item in any way that is permitted by the copyright and related rights legislation that applies to your use. For other uses you need to obtain permission from the rights-holder(s).","http://rightsstatements.org/vocab/InC/1.0/","5","1247926","5254","arc-olc02-01_004_001.pdf","https://cudl.colorado.edu//luna/servlet/detail/CUB~49~49~5~1247926"
"CU Museum of Natural History: Olsen-Chubbuck Collection","Olsen-Chubbuck site: field notebook","Devised","Wheat, Joe Ben","Creator","http://id.loc.gov/authorities/names/n86818999","","","","","","","Text","http://id.loc.gov/vocabulary/resourceTypes/txt","Field notes","https://vocab.getty.edu/aat/300027201","1960","English","http://id.loc.gov/vocabulary/iso639-2/eng","eng","186 pages","Records (Documents)","http://id.loc.gov/authorities/genreForms/gf2014026163","A large book of Joe Ben Wheat's notes from the Olsen-Chubbuck archeological dig site, separated into five sections: plans and cross-sections, section and unit drawings, skull and bone measurements, unit lists and analysis, and artifacts.","Excavations (Archaeology)","https://lccn.loc.gov/sh85046105","Prehistoric peoples","https://lccn.loc.gov/sh85080302","Bison","https://lccn.loc.gov/sh85014451","Paleo-Indians","https://lccn.loc.gov/sh85097016","","","","","Olsen-Chubbuck Site (Colo.)","https://lccn.loc.gov/sh2006006916","Twentieth century","https://lccn.loc.gov/sh85139020","arc-olc02-01_002_001.pdf","https://ark.colorado.edu/ark:/47540/jz6h4d67n84f","CU Museum of Natural History","2024","application/pdf","https://www.iana.org/assignments/media-types/application/pdf","reformatted digital","This Item is protected by copyright and/or related rights. You are free to use this Item in any way that is permitted by the copyright and related rights legislation that applies to your use. For other uses you need to obtain permission from the rights-holder(s).","http://rightsstatements.org/vocab/InC/1.0/","4","1247928","5254","arc-olc02-01_002_001.pdf","https://cudl.colorado.edu//luna/servlet/detail/CUB~49~49~4~1247928"
"CU Museum of Natural History: Olsen-Chubbuck Collection","Partial bison skeleton 5-U","Devised","Wheat, Joe Ben","Creator","http://id.loc.gov/authorities/names/n86818999","","","","","","","Still image","http://id.loc.gov/vocabulary/resourceTypes/img","Photographs","http://id.loc.gov/authorities/genreForms/gf2017027249","1960","","","","1 photograph; 8” x 10”","black-and-white photographs","https://vocab.getty.edu/aat/300128347","A photograph of a partially excavated skeleton, extending from the top of the frame to the bottom. Ribs and part of a spinal column are visible at the top. Some of the bones are numbered with dark ink, including numbers 5-CC and 5-U. Print of negative JBW 60-14-1/UCM# arc-olc05_002_169_001.","Excavations (Archaeology)","https://lccn.loc.gov/sh85046105","Prehistoric peoples","https://lccn.loc.gov/sh85080302","Bison","https://lccn.loc.gov/sh85014451","Paleo-Indians","https://lccn.loc.gov/sh85097016","","","","","Olsen-Chubbuck Site (Colo.)","https://lccn.loc.gov/sh2006006916","Twentieth century","https://lccn.loc.gov/sh85139020","arc-olc04_002_007a.jpg","https://ark.colorado.edu/ark:/47540/t1708k71d9g0","CU Museum of Natural History","2024","image/jpeg","local","reformatted digital","This Item is protected by copyright and/or related rights. You are free to use this Item in any way that is permitted by the copyright and related rights legislation that applies to your use. For other uses you need to obtain permission from the rights-holder(s).","http://rightsstatements.org/vocab/InC/1.0/","26","1247893","5254","arc-olc04_002_007a.jpg","https://cudl.colorado.edu//luna/servlet/detail/CUB~49~49~26~1247893"
"CU Museum of Natural History: Olsen-Chubbuck Collection","Plate 13C vertical grid of section 5","Devised","Wheat, Joe Ben","Creator","http://id.loc.gov/authorities/names/n86818999","","","","","","","Still image","http://id.loc.gov/vocabulary/resourceTypes/img","Photographs","http://id.loc.gov/authorities/genreForms/gf2017027249","1958/1960","","","","1 photograph; 2.5"" x 4""","black-and-white photographs","https://vocab.getty.edu/aat/300128347","A photograph of a string grid over section 5 of the Olsen-Chubbuck archeological site, with an assortment of bones in a diagonal line from the center of the frame to the bottom right, with empty patches of dirt on each side.","Excavations (Archaeology)","https://lccn.loc.gov/sh85046105","Prehistoric peoples","https://lccn.loc.gov/sh85080302","Bison","https://lccn.loc.gov/sh85014451","Paleo-Indians","https://lccn.loc.gov/sh85097016","","","","","Olsen-Chubbuck Site (Colo.)","https://lccn.loc.gov/sh2006006916","Twentieth century","https://lccn.loc.gov/sh85139020","arc-olc04_004_013_003.jpg","https://ark.colorado.edu/ark:/47540/vb4x3m04t01j","CU Museum of Natural History","2024","image/jpeg","local","reformatted digital","This Item is protected by copyright and/or related rights. You are free to use this Item in any way that is permitted by the copyright and related rights legislation that applies to your use. For other uses you need to obtain permission from the rights-holder(s).","http://rightsstatements.org/vocab/InC/1.0/","39","1247880","5254","arc-olc04_004_013_003.jpg","https://cudl.colorado.edu//luna/servlet/detail/CUB~49~49~39~1247880"
"CU Museum of Natural History: Olsen-Chubbuck Collection","Plate 15D, unit 10-BB, and point 5-II","Devised","Wheat, Joe Ben","Creator","http://id.loc.gov/authorities/names/n86818999","","","","","","","Still image","http://id.loc.gov/vocabulary/resourceTypes/img","Photographs","http://id.loc.gov/authorities/genreForms/gf2017027249","1958/1960","","","","1 photograph; 3.5"" x 5""","black-and-white photographs","https://vocab.getty.edu/aat/300128347","A close-up photograph of several bones. There is a segment of a spinal column marked ""10-BB"" in dark ink, with a dark stone projectile point embedded between two ribs. There is a black and white ruler for scale at the top of the frame. Written on verso: ""7 is better Point 5-II"". Print of negative JBW60-13-6/UCM#arc-olc05_002_166_001.","Excavations (Archaeology)","https://lccn.loc.gov/sh85046105","Prehistoric peoples","https://lccn.loc.gov/sh85080302","Bison","https://lccn.loc.gov/sh85014451","Paleo-Indians","https://lccn.loc.gov/sh85097016","","","","","Olsen-Chubbuck Site (Colo.)","https://lccn.loc.gov/sh2006006916","Twentieth century","https://lccn.loc.gov/sh85139020","arc-olc04_004_015_004.jpg","https://ark.colorado.edu/ark:/47540/z92n254194ps","CU Museum of Natural History","2024","image/jpeg","local","reformatted digital","This Item is protected by copyright and/or related rights. You are free to use this Item in any way that is permitted by the copyright and related rights legislation that applies to your use. For other uses you need to obtain permission from the rights-holder(s).","http://rightsstatements.org/vocab/InC/1.0/","40","1247879","5254","arc-olc04_004_015_004.jpg","https://cudl.colorado.edu//luna/servlet/detail/CUB~49~49~40~1247879"
"CU Museum of Natural History: Olsen-Chubbuck Collection","Plate 2B view to east from site","Devised","Wheat, Joe Ben","Creator","http://id.loc.gov/authorities/names/n86818999","","","","","","","Still image","http://id.loc.gov/vocabulary/resourceTypes/img","Photographs","http://id.loc.gov/authorities/genreForms/gf2017027249","1958/1960","","","","1 photograph; 3.5"" x 5""","black-and-white photographs","https://vocab.getty.edu/aat/300128347","A photograph of the view to the East from the Olsen-Chubbuck archeological site, a dry scrubland with sparse vegetation and two long furrows in the center of the frame. Print of negative JBW 58 OC-4/UCM#arc-olc05_002_004_001.","Excavations (Archaeology)","https://lccn.loc.gov/sh85046105","Prehistoric peoples","https://lccn.loc.gov/sh85080302","Bison","https://lccn.loc.gov/sh85014451","Paleo-Indians","https://lccn.loc.gov/sh85097016","","","","","Olsen-Chubbuck Site (Colo.)","https://lccn.loc.gov/sh2006006916","Twentieth century","https://lccn.loc.gov/sh85139020","arc-olc04_004_002_002.jpg","https://ark.colorado.edu/ark:/47540/9q9v4z53v7xg","CU Museum of Natural History","2024","image/jpeg","local","reformatted digital","This Item is protected by copyright and/or related rights. You are free to use this Item in any way that is permitted by the copyright and related rights legislation that applies to your use. For other uses you need to obtain permission from the rights-holder(s).","http://rightsstatements.org/vocab/InC/1.0/","33","1247886","5254","arc-olc04_004_002_002.jpg","https://cudl.colorado.edu//luna/servlet/detail/CUB~49~49~33~1247886"
"CU Museum of Natural History: Olsen-Chubbuck Collection","Plate 3A view to east northeast from site","Devised","Wheat, Joe Ben","Creator","http://id.loc.gov/authorities/names/n86818999","","","","","","","Still image","http://id.loc.gov/vocabulary/resourceTypes/img","Photographs","http://id.loc.gov/authorities/genreForms/gf2017027249","1958/1960","","","","1 photograph; 3.5"" x 5""","black-and-white photographs","https://vocab.getty.edu/aat/300128347","A photograph of the view to the East-Northeast from the Olsen-Chubbuck archeological site. There are four workers dressed in white shirts and light-colored pants, digging in the ground with shovels. The landscape is flat and dry, with sparse vegetation.","Excavations (Archaeology)","https://lccn.loc.gov/sh85046105","Prehistoric peoples","https://lccn.loc.gov/sh85080302","Bison","https://lccn.loc.gov/sh85014451","Paleo-Indians","https://lccn.loc.gov/sh85097016","","","","","Olsen-Chubbuck Site (Colo.)","https://lccn.loc.gov/sh2006006916","Twentieth century","https://lccn.loc.gov/sh85139020","arc-olc04_004_003_001.jpg","https://ark.colorado.edu/ark:/47540/8t2k5g8152t7","CU Museum of Natural History","2024","image/jpeg","local","reformatted digital","This Item is protected by copyright and/or related rights. You are free to use this Item in any way that is permitted by the copyright and related rights legislation that applies to your use. For other uses you need to obtain permission from the rights-holder(s).","http://rightsstatements.org/vocab/InC/1.0/","34","1247885","5254","arc-olc04_004_003_001.jpg","https://cudl.colorado.edu//luna/servlet/detail/CUB~49~49~34~1247885"
"CU Museum of Natural History: Olsen-Chubbuck Collection","Plate 3B view to the east along trench","Devised","Wheat, Joe Ben","Creator","http://id.loc.gov/authorities/names/n86818999","","","","","","","Still image","http://id.loc.gov/vocabulary/resourceTypes/img","Photographs","http://id.loc.gov/authorities/genreForms/gf2017027249","1958/1960","","","","1 photograph; 3.5"" x 5""","black-and-white photographs","https://vocab.getty.edu/aat/300128347","A photograph of the view to the East along a dug trench through the center of the frame. Two people, one sitting, one standing, are to the left of the trench.","Excavations (Archaeology)","https://lccn.loc.gov/sh85046105","Prehistoric peoples","https://lccn.loc.gov/sh85080302","Bison","https://lccn.loc.gov/sh85014451","Paleo-Indians","https://lccn.loc.gov/sh85097016","","","","","Olsen-Chubbuck Site (Colo.)","https://lccn.loc.gov/sh2006006916","Twentieth century","https://lccn.loc.gov/sh85139020","arc-olc04_004_003_002.jpg","https://ark.colorado.edu/ark:/47540/tp4f8m61c0n6","CU Museum of Natural History","2024","image/jpeg","local","reformatted digital","This Item is protected by copyright and/or related rights. You are free to use this Item in any way that is permitted by the copyright and related rights legislation that applies to your use. For other uses you need to obtain permission from the rights-holder(s).","http://rightsstatements.org/vocab/InC/1.0/","35","1247884","5254","arc-olc04_004_003_002.jpg","https://cudl.colorado.edu//luna/servlet/detail/CUB~49~49~35~1247884"
"CU Museum of Natural History: Olsen-Chubbuck Collection","Plate 4 empty arroyo","Devised","Wheat, Joe Ben","Creator","http://id.loc.gov/authorities/names/n86818999","","","","","","","Still image","http://id.loc.gov/vocabulary/resourceTypes/img","Photographs","http://id.loc.gov/authorities/genreForms/gf2017027249","1958/1960","","","","1 photograph; 3.5"" x 5""","black-and-white photographs","https://vocab.getty.edu/aat/300128347","A photograph taken from the inside of the dug-out dry arroyo at the Olsen-Chubbuck archeological site. Two people sit above ground at the end of the trench. This image was used as Figure 9 on page 17 of Joe Ben Wheat's Olsen-Chubbuck publication.","Excavations (Archaeology)","https://lccn.loc.gov/sh85046105","Prehistoric peoples","https://lccn.loc.gov/sh85080302","Bison","https://lccn.loc.gov/sh85014451","Paleo-Indians","https://lccn.loc.gov/sh85097016","","","","","Olsen-Chubbuck Site (Colo.)","https://lccn.loc.gov/sh2006006916","Twentieth century","https://lccn.loc.gov/sh85139020","arc-olc04_004_004_001.jpg","https://ark.colorado.edu/ark:/47540/n55r8v7444h9","CU Museum of Natural History","2024","image/jpeg","local","reformatted digital","This Item is protected by copyright and/or related rights. You are free to use this Item in any way that is permitted by the copyright and related rights legislation that applies to your use. For other uses you need to obtain permission from the rights-holder(s).","http://rightsstatements.org/vocab/InC/1.0/","36","1247883","5254","arc-olc04_004_004_001.jpg","https://cudl.colorado.edu//luna/servlet/detail/CUB~49~49~36~1247883"
"CU Museum of Natural History: Olsen-Chubbuck Collection","Projectile point 10483","Devised","Wheat, Joe Ben","Creator","http://id.loc.gov/authorities/names/n86818999","","","","","","","Still image","http://id.loc.gov/vocabulary/resourceTypes/img","Photographs","http://id.loc.gov/authorities/genreForms/gf2017027249","1958","","","","1 photograph; 8” x 10”","black-and-white photographs","https://vocab.getty.edu/aat/300128347","A photograph of a semi-triangular stone projectile point, showing the front and back of the point side by side. The left point has its catalog number 10,483 written in dark ink near the bottom of the point. The right point has the same catalog number written in dark ink on a white background near the bottom of the point. The bottom border of the image is a ruler, with the number 5 written and circled in orange ink.","Excavations (Archaeology)","https://lccn.loc.gov/sh85046105","Prehistoric peoples","https://lccn.loc.gov/sh85080302","Bison","https://lccn.loc.gov/sh85014451","Paleo-Indians","https://lccn.loc.gov/sh85097016","Projectile points","https://lccn.loc.gov/sh85107373","","","Olsen-Chubbuck Site (Colo.)","https://lccn.loc.gov/sh2006006916","Twentieth century","https://lccn.loc.gov/sh85139020","arc-olc04_001_002_006.jpg","https://ark.colorado.edu/ark:/47540/gb2r7f70873z","CU Museum of Natural History","2024","image/jpeg","local","reformatted digital","This Item is protected by copyright and/or related rights. You are free to use this Item in any way that is permitted by the copyright and related rights legislation that applies to your use. For other uses you need to obtain permission from the rights-holder(s).","http://rightsstatements.org/vocab/InC/1.0/","20","1247899","5254","arc-olc04_001_002_006.jpg","https://cudl.colorado.edu//luna/servlet/detail/CUB~49~49~20~1247899"
"CU Museum of Natural History: Olsen-Chubbuck Collection","Projectile point 10485","Devised","Wheat, Joe Ben","Creator","http://id.loc.gov/authorities/names/n86818999","","","","","","","Still image","http://id.loc.gov/vocabulary/resourceTypes/img","Photographs","http://id.loc.gov/authorities/genreForms/gf2017027249","1958","","","","1 photograph; 8” x 10”","black-and-white photographs","https://vocab.getty.edu/aat/300128347","A photograph of a semi-triangular stone projectile point, showing the front and back of the point side by side. The right point has its catalog number 10,485 written in dark ink near the center of the point. The bottom border of the image is a ruler, with the number 3 written and circled in orange ink.","Excavations (Archaeology)","https://lccn.loc.gov/sh85046105","Prehistoric peoples","https://lccn.loc.gov/sh85080302","Bison","https://lccn.loc.gov/sh85014451","Paleo-Indians","https://lccn.loc.gov/sh85097016","Projectile points","https://lccn.loc.gov/sh85107373","","","Olsen-Chubbuck Site (Colo.)","https://lccn.loc.gov/sh2006006916","Twentieth century","https://lccn.loc.gov/sh85139020","arc-olc04_001_002_013.jpg","https://ark.colorado.edu/ark:/47540/q2015f28411w","CU Museum of Natural History","2024","image/jpeg","local","reformatted digital","This Item is protected by copyright and/or related rights. You are free to use this Item in any way that is permitted by the copyright and related rights legislation that applies to your use. For other uses you need to obtain permission from the rights-holder(s).","http://rightsstatements.org/vocab/InC/1.0/","22","1247897","5254","arc-olc04_001_002_013.jpg","https://cudl.colorado.edu//luna/servlet/detail/CUB~49~49~22~1247897"
"CU Museum of Natural History: Olsen-Chubbuck Collection","Projectile point 10969","Devised","Wheat, Joe Ben","Creator","http://id.loc.gov/authorities/names/n86818999","","","","","","","Still image","http://id.loc.gov/vocabulary/resourceTypes/img","Photographs","http://id.loc.gov/authorities/genreForms/gf2017027249","1960","","","","1 photograph; 8” x 10”","black-and-white photographs","https://vocab.getty.edu/aat/300128347","A photograph of a rounded semi-triangular stone projectile point, showing the front and back of the point side by side. The point has a rounded chip in the middle of the side facing the center of the image. The bottom border of the image is a ruler, with the number 1 written and circled in orange ink.","Excavations (Archaeology)","https://lccn.loc.gov/sh85046105","Prehistoric peoples","https://lccn.loc.gov/sh85080302","Bison","https://lccn.loc.gov/sh85014451","Paleo-Indians","https://lccn.loc.gov/sh85097016","Projectile points","https://lccn.loc.gov/sh85107373","","","Olsen-Chubbuck Site (Colo.)","https://lccn.loc.gov/sh2006006916","Twentieth century","https://lccn.loc.gov/sh85139020","arc-olc04_001_002_018.jpg","https://ark.colorado.edu/ark:/47540/4f8x386195qc","CU Museum of Natural History","2024","image/jpeg","local","reformatted digital","This Item is protected by copyright and/or related rights. You are free to use this Item in any way that is permitted by the copyright and related rights legislation that applies to your use. For other uses you need to obtain permission from the rights-holder(s).","http://rightsstatements.org/vocab/InC/1.0/","23","1247896","5254","arc-olc04_001_002_018.jpg","https://cudl.colorado.edu//luna/servlet/detail/CUB~49~49~23~1247896"
"CU Museum of Natural History: Olsen-Chubbuck Collection","Projectile point 24-1 in situ - point moistened to bring out color, JBW 58 OC-50","Devised","Wheat, Joe Ben","Creator","http://id.loc.gov/authorities/names/n86818999","","","","","","","Still image","http://id.loc.gov/vocabulary/resourceTypes/img","Photographs","http://id.loc.gov/authorities/genreForms/gf2017027249","1958","","","","1 photograph; 2.5"" x 3.5""","black-and-white negatives","https://vocab.getty.edu/aat/300128343","A photograph, a close-up shot of bones embedded in soil and a projectile point (field number 24-1) in the top left quadrant. Negative of print UCM# arc-olc04_001_001_044.","Excavations (Archaeology)","https://lccn.loc.gov/sh85046105","Prehistoric peoples","https://lccn.loc.gov/sh85080302","Bison","https://lccn.loc.gov/sh85014451","Paleo-Indians","https://lccn.loc.gov/sh85097016","Projectile points","https://lccn.loc.gov/sh85107373","","","Olsen-Chubbuck Site (Colo.)","https://lccn.loc.gov/sh2006006916","Twentieth century","https://lccn.loc.gov/sh85139020","arc-olc05_002_050_001.jpg","https://ark.colorado.edu/ark:/47540/nz354277r6ft","CU Museum of Natural History","2024","image/jpeg","local","reformatted digital","This Item is protected by copyright and/or related rights. You are free to use this Item in any way that is permitted by the copyright and related rights legislation that applies to your use. For other uses you need to obtain permission from the rights-holder(s).","http://rightsstatements.org/vocab/InC/1.0/","46","1247873","5254","arc-olc05_002_050_001.jpg","https://cudl.colorado.edu//luna/servlet/detail/CUB~49~49~46~1247873"
"CU Museum of Natural History: Olsen-Chubbuck Collection","Projectile point in situ (Fig. A)","Devised","Wheat, Joe Ben","Creator","http://id.loc.gov/authorities/names/n86818999","","","","","","","Still image","http://id.loc.gov/vocabulary/resourceTypes/img","Photographs","http://id.loc.gov/authorities/genreForms/gf2017027249","1958/1960","","","","1 photograph; 4.5” x 4.5”","black-and-white photographs","https://vocab.getty.edu/aat/300128347","A detail photograph of a dark stone semi-triangular projectile point partially embedded in the soil-filled hollow of a bone. There are other partially-excavated bone fragments around the point. There is a black and white ruler for scale at the bottom of the frame, and a lowercase letter a printed in the bottom left corner.","Excavations (Archaeology)","https://lccn.loc.gov/sh85046105","Prehistoric peoples","https://lccn.loc.gov/sh85080302","Bison","https://lccn.loc.gov/sh85014451","Paleo-Indians","https://lccn.loc.gov/sh85097016","Projectile points","https://lccn.loc.gov/sh85107373","","","Olsen-Chubbuck Site (Colo.)","https://lccn.loc.gov/sh2006006916","Twentieth century","https://lccn.loc.gov/sh85139020","arc-olc04_003_019.jpg","https://ark.colorado.edu/ark:/47540/967d9h04r424","CU Museum of Natural History","2024","image/jpeg","local","reformatted digital","This Item is protected by copyright and/or related rights. You are free to use this Item in any way that is permitted by the copyright and related rights legislation that applies to your use. For other uses you need to obtain permission from the rights-holder(s).","http://rightsstatements.org/vocab/InC/1.0/","28","1247891","5254","arc-olc04_003_019.jpg","https://cudl.colorado.edu//luna/servlet/detail/CUB~49~49~28~1247891"
"CU Museum of Natural History: Olsen-Chubbuck Collection","River of Bones","Devised","Wheat, Joe Ben","Creator","http://id.loc.gov/authorities/names/n86818999","","","","","","","Still image","http://id.loc.gov/vocabulary/resourceTypes/img","Photographs","http://id.loc.gov/authorities/genreForms/gf2017027249","1958/1960","","","","1 photograph; 8” x 10”","black-and-white photographs","https://vocab.getty.edu/aat/300128347","A photograph of a dry arroyo bed, partially excavated and dug into uneven stairs. In the center of the bed is a column of various bones, running from top to bottom of the frame.","Excavations (Archaeology)","https://lccn.loc.gov/sh85046105","Prehistoric peoples","https://lccn.loc.gov/sh85080302","Bison","https://lccn.loc.gov/sh85014451","Paleo-Indians","https://lccn.loc.gov/sh85097016","","","","","Olsen-Chubbuck Site (Colo.)","https://lccn.loc.gov/sh2006006916","Twentieth century","https://lccn.loc.gov/sh85139020","arc-olc04_002_001.jpg","https://ark.colorado.edu/ark:/47540/ws990k43v8tw","CU Museum of Natural History","2024","image/jpeg","local","reformatted digital","This Item is protected by copyright and/or related rights. You are free to use this Item in any way that is permitted by the copyright and related rights legislation that applies to your use. For other uses you need to obtain permission from the rights-holder(s).","http://rightsstatements.org/vocab/InC/1.0/","25","1247894","5254","arc-olc04_002_001.jpg","https://cudl.colorado.edu//luna/servlet/detail/CUB~49~49~25~1247894"
"CU Museum of Natural History: Olsen-Chubbuck Collection","Scraper and flake knife","Devised","Wheat, Joe Ben","Creator","http://id.loc.gov/authorities/names/n86818999","","","","","","","Still image","http://id.loc.gov/vocabulary/resourceTypes/img","Photographs","http://id.loc.gov/authorities/genreForms/gf2017027249","1958/1960","","","","1 photograph; 4"" x 5""","black-and-white negatives","https://vocab.getty.edu/aat/300128343","A photograph of two semi-triangular stone fragments arranged on a dark surface. One is flatter with a curved edge, the other is more textured.","Excavations (Archaeology)","https://lccn.loc.gov/sh85046105","Prehistoric peoples","https://lccn.loc.gov/sh85080302","Bison","https://lccn.loc.gov/sh85014451","Paleo-Indians","https://lccn.loc.gov/sh85097016","","","","","Olsen-Chubbuck Site (Colo.)","https://lccn.loc.gov/sh2006006916","Twentieth century","https://lccn.loc.gov/sh85139020","arc-olc05_001_009_001.jpg","https://ark.colorado.edu/ark:/47540/t06w150650qj","CU Museum of Natural History","2024","image/jpeg","local","reformatted digital","This Item is protected by copyright and/or related rights. You are free to use this Item in any way that is permitted by the copyright and related rights legislation that applies to your use. For other uses you need to obtain permission from the rights-holder(s).","http://rightsstatements.org/vocab/InC/1.0/","42","1247877","5254","arc-olc05_001_009_001.jpg","https://cudl.colorado.edu//luna/servlet/detail/CUB~49~49~42~1247877"
"CU Museum of Natural History: Olsen-Chubbuck Collection","Section 19 level 1, JBW 58 OC-22","Devised","Wheat, Joe Ben","Creator","http://id.loc.gov/authorities/names/n86818999","","","","","","","Still image","http://id.loc.gov/vocabulary/resourceTypes/img","Photographs","http://id.loc.gov/authorities/genreForms/gf2017027249","1958","","","","1 photograph; 2.5"" x 3.5""","black-and-white negatives","https://vocab.getty.edu/aat/300128343","A photograph of a rectangular pit in the Olsen-Chubbuck dig site in section 29, level 1. There are an assortment of bones in an arc from the bottom right corner to the top right, and an overturned bucket by the top right corner. Negative of print UCM# arc-olc04_001_001_013.","Excavations (Archaeology)","https://lccn.loc.gov/sh85046105","Prehistoric peoples","https://lccn.loc.gov/sh85080302","Bison","https://lccn.loc.gov/sh85014451","Paleo-Indians","https://lccn.loc.gov/sh85097016","","","","","Olsen-Chubbuck Site (Colo.)","https://lccn.loc.gov/sh2006006916","Twentieth century","https://lccn.loc.gov/sh85139020","arc-olc05_002_022_001.jpg","https://ark.colorado.edu/ark:/47540/354c9h14s21d","CU Museum of Natural History","2024","image/jpeg","local","reformatted digital","This Item is protected by copyright and/or related rights. You are free to use this Item in any way that is permitted by the copyright and related rights legislation that applies to your use. For other uses you need to obtain permission from the rights-holder(s).","http://rightsstatements.org/vocab/InC/1.0/","45","1247874","5254","arc-olc05_002_022_001.jpg","https://cudl.colorado.edu//luna/servlet/detail/CUB~49~49~45~1247874"
"CU Museum of Natural History: Olsen-Chubbuck Collection","Seven projectile points","Devised","Wheat, Joe Ben","Creator","http://id.loc.gov/authorities/names/n86818999","","","","","","","Still image","http://id.loc.gov/vocabulary/resourceTypes/img","Photographs","http://id.loc.gov/authorities/genreForms/gf2017027249","1958/1960","","","","1 photograph; 8” x 10”","black-and-white photographs","https://vocab.getty.edu/aat/300128347","A photograph of seven projectile points in two rows, three on the top row and four on the bottom. The points on the top row are (left to right) numbers 10969, F-9, and F-5. The points on the bottom row are (left to right) 10492, 10486, F-2, and F-11. Points 10492 and 10486 have their numbers written on them in dark ink.","Excavations (Archaeology)","https://lccn.loc.gov/sh85046105","Prehistoric peoples","https://lccn.loc.gov/sh85080302","Bison","https://lccn.loc.gov/sh85014451","Paleo-Indians","https://lccn.loc.gov/sh85097016","Projectile points","https://lccn.loc.gov/sh85107373","","","Olsen-Chubbuck Site (Colo.)","https://lccn.loc.gov/sh2006006916","Twentieth century","https://lccn.loc.gov/sh85139020","arc-olc04_001_002_010.jpg","https://ark.colorado.edu/ark:/47540/7q2w9c21c5c0","CU Museum of Natural History","2024","image/jpeg","local","reformatted digital","This Item is protected by copyright and/or related rights. You are free to use this Item in any way that is permitted by the copyright and related rights legislation that applies to your use. For other uses you need to obtain permission from the rights-holder(s).","http://rightsstatements.org/vocab/InC/1.0/","21","1247898","5254","arc-olc04_001_002_010.jpg","https://cudl.colorado.edu//luna/servlet/detail/CUB~49~49~21~1247898"
"CU Museum of Natural History: Olsen-Chubbuck Collection","Seven projectile points","Devised","Wheat, Joe Ben","Creator","http://id.loc.gov/authorities/names/n86818999","","","","","","","Still image","http://id.loc.gov/vocabulary/resourceTypes/img","Photographs","http://id.loc.gov/authorities/genreForms/gf2017027249","1960","","","","1 photograph; 8” x 10”","black-and-white photographs","https://vocab.getty.edu/aat/300128347","A photograph of seven long, thin projectile points arranged in two rows, three points on the top row and four points on the bottom. The points on the top row are (left to right) numbers #, #, #. The points on the bottom row are (left to right) numbers 10974, 10485, 10482, and F-6. Points 10485 and 10482 have their numbers written on them in dark ink.","Excavations (Archaeology)","https://lccn.loc.gov/sh85046105","Prehistoric peoples","https://lccn.loc.gov/sh85080302","Bison","https://lccn.loc.gov/sh85014451","Paleo-Indians","https://lccn.loc.gov/sh85097016","Projectile points","https://lccn.loc.gov/sh85107373","","","Olsen-Chubbuck Site (Colo.)","https://lccn.loc.gov/sh2006006916","Twentieth century","https://lccn.loc.gov/sh85139020","arc-olc04_001_002_023.jpg","https://ark.colorado.edu/ark:/47540/24872818w8f1","CU Museum of Natural History","2024","image/jpeg","local","reformatted digital","This Item is protected by copyright and/or related rights. You are free to use this Item in any way that is permitted by the copyright and related rights legislation that applies to your use. For other uses you need to obtain permission from the rights-holder(s).","http://rightsstatements.org/vocab/InC/1.0/","24","1247895","5254","arc-olc04_001_002_023.jpg","https://cudl.colorado.edu//luna/servlet/detail/CUB~49~49~24~1247895"
"CU Museum of Natural History: Olsen-Chubbuck Collection","Site photo notebook","Devised","Wheat, Joe Ben","Creator","http://id.loc.gov/authorities/names/n86818999","","","","","","","Text","http://id.loc.gov/vocabulary/resourceTypes/txt","Field notes","https://vocab.getty.edu/aat/300027201","1958/1960","English","http://id.loc.gov/vocabulary/iso639-2/eng","eng","59 pages","Records (Documents)","http://id.loc.gov/authorities/genreForms/gf2014026163","This document contains photographs and notes taken at the Olsen-Chubbuck archeological dig site. These materials are presented in a bound notebook of photos, and almost all photos have captions with descriptions and numbers (which refer to the photo order, not the artifact field number).","Excavations (Archaeology)","https://lccn.loc.gov/sh85046105","Prehistoric peoples","https://lccn.loc.gov/sh85080302","Bison","https://lccn.loc.gov/sh85014451","Paleo-Indians","https://lccn.loc.gov/sh85097016","","","","","Olsen-Chubbuck Site (Colo.)","https://lccn.loc.gov/sh2006006916","Twentieth century","https://lccn.loc.gov/sh85139020","arc-olc04_001_001.pdf","https://ark.colorado.edu/ark:/47540/6n3x7t35x8st","CU Museum of Natural History","2024","application/pdf","https://www.iana.org/assignments/media-types/application/pdf","reformatted digital","This Item is protected by copyright and/or related rights. You are free to use this Item in any way that is permitted by the copyright and related rights legislation that applies to your use. For other uses you need to obtain permission from the rights-holder(s).","http://rightsstatements.org/vocab/InC/1.0/","17","1247902","5254","arc-olc04_001_001.pdf","https://cudl.colorado.edu//luna/servlet/detail/CUB~49~49~17~1247902"
"CU Museum of Natural History: Olsen-Chubbuck Collection","Skull 6A in situ, JBW 60-8-2","Devised","Wheat, Joe Ben","Creator","http://id.loc.gov/authorities/names/n86818999","","","","","","","Still image","http://id.loc.gov/vocabulary/resourceTypes/img","Photographs","http://id.loc.gov/authorities/genreForms/gf2017027249","1958/1960","","","","1 photograph; 2.5"" x 3.5""","black-and-white negatives","https://vocab.getty.edu/aat/300128343","A photograph of a bison skull with mostly intact horn cores. The skull is marked ""6A"" between the eye sockets. It is surrounded by various other bones and a ruler directly above the skull. Negative of print UCM# arc-olc04_004_012_003.","Excavations (Archaeology)","https://lccn.loc.gov/sh85046105","Prehistoric peoples","https://lccn.loc.gov/sh85080302","Bison","https://lccn.loc.gov/sh85014451","Paleo-Indians","https://lccn.loc.gov/sh85097016","","","","","Olsen-Chubbuck Site (Colo.)","https://lccn.loc.gov/sh2006006916","Twentieth century","https://lccn.loc.gov/sh85139020","arc-olc05_002_127_001.jpg","https://ark.colorado.edu/ark:/47540/mn4c7v2247vr","CU Museum of Natural History","2024","image/jpeg","local","reformatted digital","This Item is protected by copyright and/or related rights. You are free to use this Item in any way that is permitted by the copyright and related rights legislation that applies to your use. For other uses you need to obtain permission from the rights-holder(s).","http://rightsstatements.org/vocab/InC/1.0/","50","1247869","5254","arc-olc05_002_127_001.jpg","https://cudl.colorado.edu//luna/servlet/detail/CUB~49~49~50~1247869"
"CU Museum of Natural History: Olsen-Chubbuck Collection","Student field notebooks: Bair","Devised","Bair, Gerald A.","Creator","local","Read, Maggi E.","Creator","local","Moone, Janet R.","Creator","local","Text","http://id.loc.gov/vocabulary/resourceTypes/txt","Field notes","https://vocab.getty.edu/aat/300027201","1958","English","http://id.loc.gov/vocabulary/iso639-2/eng","eng","36 pages","Records (Documents)","http://id.loc.gov/authorities/genreForms/gf2014026163","A small spiral-bound notebook created by University of Colorado Boulder and Beloit College students Gerald A. Bair, Maggi E. Read, and Janet R. Moone. The pages are filled with handwritten notes and hand-drawn illustrations of artifacts at the Olsen-Chubbuck archeological dig site.","Excavations (Archaeology)","https://lccn.loc.gov/sh85046105","Prehistoric peoples","https://lccn.loc.gov/sh85080302","Bison","https://lccn.loc.gov/sh85014451","Paleo-Indians","https://lccn.loc.gov/sh85097016","","","Wheat, Joe Ben","http://id.loc.gov/authorities/names/n86818999","Olsen-Chubbuck Site (Colo.)","https://lccn.loc.gov/sh2006006916","Twentieth century","https://lccn.loc.gov/sh85139020","arc-olc02-02_002_002.pdf","https://ark.colorado.edu/ark:/47540/nx1x6s9473zs","CU Museum of Natural History","2024","application/pdf","https://www.iana.org/assignments/media-types/application/pdf","reformatted digital","This Item is protected by copyright and/or related rights. You are free to use this Item in any way that is permitted by the copyright and related rights legislation that applies to your use. For other uses you need to obtain permission from the rights-holder(s).","http://rightsstatements.org/vocab/InC/1.0/","11","1247914","5254","arc-olc02-02_002_002.pdf","https://cudl.colorado.edu//luna/servlet/detail/CUB~49~49~11~1247914"
"CU Museum of Natural History: Olsen-Chubbuck Collection","Student field notebooks: Bucy","Devised","Bucy, Douglas","Creator","local","","","","","","","Text","http://id.loc.gov/vocabulary/resourceTypes/txt","Field notes","https://vocab.getty.edu/aat/300027201","1958","English","http://id.loc.gov/vocabulary/iso639-2/eng","eng","27 pages","Records (Documents)","http://id.loc.gov/authorities/genreForms/gf2014026163","A small spiral-bound notebook created by University of Colorado Boulder student Douglas Bucy. The pages are filled with handwritten notes and hand-drawn illustrations of artifacts at the Olsen-Chubbuck archeological dig site.","Excavations (Archaeology)","https://lccn.loc.gov/sh85046105","Prehistoric peoples","https://lccn.loc.gov/sh85080302","Bison","https://lccn.loc.gov/sh85014451","Paleo-Indians","https://lccn.loc.gov/sh85097016","","","Wheat, Joe Ben","http://id.loc.gov/authorities/names/n86818999","Olsen-Chubbuck Site (Colo.)","https://lccn.loc.gov/sh2006006916","Twentieth century","https://lccn.loc.gov/sh85139020","arc-olc02-02_003_001.pdf","https://ark.colorado.edu/ark:/47540/mn5d3x03p431","CU Museum of Natural History","2024","application/pdf","https://www.iana.org/assignments/media-types/application/pdf","reformatted digital","This Item is protected by copyright and/or related rights. You are free to use this Item in any way that is permitted by the copyright and related rights legislation that applies to your use. For other uses you need to obtain permission from the rights-holder(s).","http://rightsstatements.org/vocab/InC/1.0/","12","1247912","5254","arc-olc02-02_003_001.pdf","https://cudl.colorado.edu//luna/servlet/detail/CUB~49~49~12~1247912"
"CU Museum of Natural History: Olsen-Chubbuck Collection","Student field notebooks: Bucy","Devised","Bucy, Douglas","Creator","local","","","","","","","Text","http://id.loc.gov/vocabulary/resourceTypes/txt","Field notes","https://vocab.getty.edu/aat/300027201","1960","English","http://id.loc.gov/vocabulary/iso639-2/eng","eng","34 pages","Records (Documents)","http://id.loc.gov/authorities/genreForms/gf2014026163","A small spiral-bound notebook created by University of Colorado Boulder student Douglas Bucy. The pages are filled with handwritten notes and hand-drawn illustrations of artifacts at the Olsen-Chubbuck archeological dig site.","Excavations (Archaeology)","https://lccn.loc.gov/sh85046105","Prehistoric peoples","https://lccn.loc.gov/sh85080302","Bison","https://lccn.loc.gov/sh85014451","Paleo-Indians","https://lccn.loc.gov/sh85097016","","","Wheat, Joe Ben","http://id.loc.gov/authorities/names/n86818999","Olsen-Chubbuck Site (Colo.)","https://lccn.loc.gov/sh2006006916","Twentieth century","https://lccn.loc.gov/sh85139020","arc-olc02-02_003_002.pdf","https://ark.colorado.edu/ark:/47540/449f8c81r431","CU Museum of Natural History","2024","application/pdf","https://www.iana.org/assignments/media-types/application/pdf","reformatted digital","This Item is protected by copyright and/or related rights. You are free to use this Item in any way that is permitted by the copyright and related rights legislation that applies to your use. For other uses you need to obtain permission from the rights-holder(s).","http://rightsstatements.org/vocab/InC/1.0/","13","1247910","5254","arc-olc02-02_003_002.pdf","https://cudl.colorado.edu//luna/servlet/detail/CUB~49~49~13~1247910"
"CU Museum of Natural History: Olsen-Chubbuck Collection","Student field notebooks: Feistch","Devised","Feistel, John A.","Creator","local","","","","","","","Text","http://id.loc.gov/vocabulary/resourceTypes/txt","Field notes","https://vocab.getty.edu/aat/300027201","1958","English","http://id.loc.gov/vocabulary/iso639-2/eng","eng","28 pages","Records (Documents)","http://id.loc.gov/authorities/genreForms/gf2014026163","A small spiral-bound notebook created by University of Colorado Boulder student John A. Feistel. The pages are filled with handwritten notes and hand-drawn illustrations of artifacts at the Olsen-Chubbuck archeological dig site.","Excavations (Archaeology)","https://lccn.loc.gov/sh85046105","Prehistoric peoples","https://lccn.loc.gov/sh85080302","Bison","https://lccn.loc.gov/sh85014451","Paleo-Indians","https://lccn.loc.gov/sh85097016","","","Wheat, Joe Ben","http://id.loc.gov/authorities/names/n86818999","Olsen-Chubbuck Site (Colo.)","https://lccn.loc.gov/sh2006006916","Twentieth century","https://lccn.loc.gov/sh85139020","arc-olc02-02_002_001.pdf","https://ark.colorado.edu/ark:/47540/kq082g50p34g","CU Museum of Natural History","2024","application/pdf","https://www.iana.org/assignments/media-types/application/pdf","reformatted digital","This Item is protected by copyright and/or related rights. You are free to use this Item in any way that is permitted by the copyright and related rights legislation that applies to your use. For other uses you need to obtain permission from the rights-holder(s).","http://rightsstatements.org/vocab/InC/1.0/","10","1247916","5254","arc-olc02-02_002_001.pdf","https://cudl.colorado.edu//luna/servlet/detail/CUB~49~49~10~1247916"
"CU Museum of Natural History: Olsen-Chubbuck Collection","Student field notebooks: Kelly","Devised","Kelly, Roger E.","Creator","http://id.loc.gov/authorities/names/nr89004659","","","","","","","Text","http://id.loc.gov/vocabulary/resourceTypes/txt","Field notes","https://vocab.getty.edu/aat/300027201","1960","English","http://id.loc.gov/vocabulary/iso639-2/eng","eng","36 pages","Records (Documents)","http://id.loc.gov/authorities/genreForms/gf2014026163","A small spiral-bound notebook created by Beloit College student Roger E. Kelly. The pages are filled with handwritten notes and hand-drawn illustrations of artifacts at the Olsen-Chubbuck archeological dig site.","Excavations (Archaeology)","https://lccn.loc.gov/sh85046105","Prehistoric peoples","https://lccn.loc.gov/sh85080302","Bison","https://lccn.loc.gov/sh85014451","Paleo-Indians","https://lccn.loc.gov/sh85097016","","","Wheat, Joe Ben","http://id.loc.gov/authorities/names/n86818999","Olsen-Chubbuck Site (Colo.)","https://lccn.loc.gov/sh2006006916","Twentieth century","https://lccn.loc.gov/sh85139020","arc-olc02-02_004_001.pdf","https://ark.colorado.edu/ark:/47540/780t4265b126","CU Museum of Natural History","2024","application/pdf","https://www.iana.org/assignments/media-types/application/pdf","reformatted digital","This Item is protected by copyright and/or related rights. You are free to use this Item in any way that is permitted by the copyright and related rights legislation that applies to your use. For other uses you need to obtain permission from the rights-holder(s).","http://rightsstatements.org/vocab/InC/1.0/","14","1247908","5254","arc-olc02-02_004_001.pdf","https://cudl.colorado.edu//luna/servlet/detail/CUB~49~49~14~1247908"
"CU Museum of Natural History: Olsen-Chubbuck Collection","Student field notebooks: Kelly","Devised","Kelly, Roger E.","Creator","http://id.loc.gov/authorities/names/nr89004659","","","","","","","Text","http://id.loc.gov/vocabulary/resourceTypes/txt","Field notes","https://vocab.getty.edu/aat/300027201","1960","English","http://id.loc.gov/vocabulary/iso639-2/eng","eng","35 pages","Records (Documents)","http://id.loc.gov/authorities/genreForms/gf2014026163","A small spiral-bound notebook created by Beloit College student Roger E. Kelly. The pages are filled with handwritten notes and hand-drawn illustrations of artifacts at the Olsen-Chubbuck archeological dig site.","Excavations (Archaeology)","https://lccn.loc.gov/sh85046105","Prehistoric peoples","https://lccn.loc.gov/sh85080302","Bison","https://lccn.loc.gov/sh85014451","Paleo-Indians","https://lccn.loc.gov/sh85097016","","","Wheat, Joe Ben","http://id.loc.gov/authorities/names/n86818999","Olsen-Chubbuck Site (Colo.)","https://lccn.loc.gov/sh2006006916","Twentieth century","https://lccn.loc.gov/sh85139020","arc-olc02-02_004_002.pdf","https://ark.colorado.edu/ark:/47540/zq3c997051qp","CU Museum of Natural History","2024","application/pdf","https://www.iana.org/assignments/media-types/application/pdf","reformatted digital","This Item is protected by copyright and/or related rights. You are free to use this Item in any way that is permitted by the copyright and related rights legislation that applies to your use. For other uses you need to obtain permission from the rights-holder(s).","http://rightsstatements.org/vocab/InC/1.0/","15","1247906","5254","arc-olc02-02_004_002.pdf","https://cudl.colorado.edu//luna/servlet/detail/CUB~49~49~15~1247906"
"CU Museum of Natural History: Olsen-Chubbuck Collection","Student field notebooks: Trend","Devised","Trend, Elizabeth","Creator","local","","","","","","","Text","http://id.loc.gov/vocabulary/resourceTypes/txt","Field notes","https://vocab.getty.edu/aat/300027201","1960","English","http://id.loc.gov/vocabulary/iso639-2/eng","eng","35 pages","Records (Documents)","http://id.loc.gov/authorities/genreForms/gf2014026163","A small spiral-bound notebook created by Columbia University student Elizabeth Trend. The pages are filled with handwritten notes and hand-drawn illustrations of artifacts at the Olsen-Chubbuck archeological dig site.","Excavations (Archaeology)","https://lccn.loc.gov/sh85046105","Prehistoric peoples","https://lccn.loc.gov/sh85080302","Bison","https://lccn.loc.gov/sh85014451","Paleo-Indians","https://lccn.loc.gov/sh85097016","","","Wheat, Joe Ben","http://id.loc.gov/authorities/names/n86818999","Olsen-Chubbuck Site (Colo.)","https://lccn.loc.gov/sh2006006916","Twentieth century","https://lccn.loc.gov/sh85139020","arc-olc02-02_004_003.pdf","https://ark.colorado.edu/ark:/47540/xj8s1m39s9wn","CU Museum of Natural History","2024","application/pdf","https://www.iana.org/assignments/media-types/application/pdf","reformatted digital","This Item is protected by copyright and/or related rights. You are free to use this Item in any way that is permitted by the copyright and related rights legislation that applies to your use. For other uses you need to obtain permission from the rights-holder(s).","http://rightsstatements.org/vocab/InC/1.0/","16","1247904","5254","arc-olc02-02_004_003.pdf","https://cudl.colorado.edu//luna/servlet/detail/CUB~49~49~16~1247904"
"CU Museum of Natural History: Olsen-Chubbuck Collection","Student field notebooks: Wainwright","Devised","Wrainwright, Robert B.","Creator","local","","","","","","","Text","http://id.loc.gov/vocabulary/resourceTypes/txt","Field notes","https://vocab.getty.edu/aat/300027201","1960","English","http://id.loc.gov/vocabulary/iso639-2/eng","eng","33 pages","Records (Documents)","http://id.loc.gov/authorities/genreForms/gf2014026163","A small spiral-bound notebook created by University of Colorado Boulder student Robert B. Wainwright. The pages are filled with handwritten notes and hand-drawn illustrations of artifacts at the Olsen-Chubbuck archeological dig site.","Excavations (Archaeology)","https://lccn.loc.gov/sh85046105","Prehistoric peoples","https://lccn.loc.gov/sh85080302","Bison","https://lccn.loc.gov/sh85014451","Paleo-Indians","https://lccn.loc.gov/sh85097016","","","Wheat, Joe Ben","http://id.loc.gov/authorities/names/n86818999","Olsen-Chubbuck Site (Colo.)","https://lccn.loc.gov/sh2006006916","Twentieth century","https://lccn.loc.gov/sh85139020","arc-olc02-02_001_001.pdf","https://ark.colorado.edu/ark:/47540/03443p9920q8","CU Museum of Natural History","2024","application/pdf","https://www.iana.org/assignments/media-types/application/pdf","reformatted digital","This Item is protected by copyright and/or related rights. You are free to use this Item in any way that is permitted by the copyright and related rights legislation that applies to your use. For other uses you need to obtain permission from the rights-holder(s).","http://rightsstatements.org/vocab/InC/1.0/","8","1247920","5254","arc-olc02-02_001_001.pdf","https://cudl.colorado.edu//luna/servlet/detail/CUB~49~49~8~1247920"
"CU Museum of Natural History: Olsen-Chubbuck Collection","Student field notebooks: Wainwright","Devised","Wrainwright, Robert B.","Creator","local","","","","","","","Text","http://id.loc.gov/vocabulary/resourceTypes/txt","Field notes","https://vocab.getty.edu/aat/300027201","1960","English","http://id.loc.gov/vocabulary/iso639-2/eng","eng","33 pages","Records (Documents)","http://id.loc.gov/authorities/genreForms/gf2014026163","A small spiral-bound notebook created by University of Colorado Boulder student Robert B. Wainwright. The pages are filled with handwritten notes and hand-drawn illustrations of artifacts at the Olsen-Chubbuck archeological dig site.","Excavations (Archaeology)","https://lccn.loc.gov/sh85046105","Prehistoric peoples","https://lccn.loc.gov/sh85080302","Bison","https://lccn.loc.gov/sh85014451","Paleo-Indians","https://lccn.loc.gov/sh85097016","","","Wheat, Joe Ben","http://id.loc.gov/authorities/names/n86818999","Olsen-Chubbuck Site (Colo.)","https://lccn.loc.gov/sh2006006916","Twentieth century","https://lccn.loc.gov/sh85139020","arc-olc02-02_001_002.pdf","https://ark.colorado.edu/ark:/47540/j72x36143478","CU Museum of Natural History","2024","application/pdf","https://www.iana.org/assignments/media-types/application/pdf","reformatted digital","This Item is protected by copyright and/or related rights. You are free to use this Item in any way that is permitted by the copyright and related rights legislation that applies to your use. For other uses you need to obtain permission from the rights-holder(s).","http://rightsstatements.org/vocab/InC/1.0/","9","1247918","5254","arc-olc02-02_001_002.pdf","https://cudl.colorado.edu//luna/servlet/detail/CUB~49~49~9~1247918"
"CU Museum of Natural History: Olsen-Chubbuck Collection","Sunlight through clouds, JBW 60-10-3","Devised","Wheat, Joe Ben","Creator","http://id.loc.gov/authorities/names/n86818999","","","","","","","Still image","http://id.loc.gov/vocabulary/resourceTypes/img","Photographs","http://id.loc.gov/authorities/genreForms/gf2017027249","1958/1960","","","","1 photograph; 2.5"" x 3.5""","black-and-white negatives","https://vocab.getty.edu/aat/300128343","A photograph of rays of sunlight emerging through clouds.","Excavations (Archaeology)","https://lccn.loc.gov/sh85046105","Prehistoric peoples","https://lccn.loc.gov/sh85080302","Bison","https://lccn.loc.gov/sh85014451","Paleo-Indians","https://lccn.loc.gov/sh85097016","","","","","Olsen-Chubbuck Site (Colo.)","https://lccn.loc.gov/sh2006006916","Twentieth century","https://lccn.loc.gov/sh85139020","arc-olc05_002_143_001.jpg","https://ark.colorado.edu/ark:/47540/d82r1638h5xd","CU Museum of Natural History","2024","image/jpeg","local","reformatted digital","This Item is protected by copyright and/or related rights. You are free to use this Item in any way that is permitted by the copyright and related rights legislation that applies to your use. For other uses you need to obtain permission from the rights-holder(s).","http://rightsstatements.org/vocab/InC/1.0/","51","1247868","5254","arc-olc05_002_143_001.jpg","https://cudl.colorado.edu//luna/servlet/detail/CUB~49~49~51~1247868"
"CU Museum of Natural History: Olsen-Chubbuck Collection","Unit 10-BB (Fig. D)","Devised","Wheat, Joe Ben","Creator","http://id.loc.gov/authorities/names/n86818999","","","","","","","Still image","http://id.loc.gov/vocabulary/resourceTypes/img","Photographs","http://id.loc.gov/authorities/genreForms/gf2017027249","1958/1960","","","","1 photograph; 4.5"" x 5.5""","black-and-white photographs","https://vocab.getty.edu/aat/300128347","A detail photograph of several partially excavated bones. There is a section of spinal column marked ""10-BB"" in dark ink in the upper left of the frame, and a black and white ruler for scale in the bottom right. There is a lowercase letter d printed in the bottom left corner.","Excavations (Archaeology)","https://lccn.loc.gov/sh85046105","Prehistoric peoples","https://lccn.loc.gov/sh85080302","Bison","https://lccn.loc.gov/sh85014451","Paleo-Indians","https://lccn.loc.gov/sh85097016","","","","","Olsen-Chubbuck Site (Colo.)","https://lccn.loc.gov/sh2006006916","Twentieth century","https://lccn.loc.gov/sh85139020","arc-olc04_003_034.jpg","https://ark.colorado.edu/ark:/47540/2k614n39q7pk","CU Museum of Natural History","2024","image/jpeg","local","reformatted digital","This Item is protected by copyright and/or related rights. You are free to use this Item in any way that is permitted by the copyright and related rights legislation that applies to your use. For other uses you need to obtain permission from the rights-holder(s).","http://rightsstatements.org/vocab/InC/1.0/","32","1247887","5254","arc-olc04_003_034.jpg","https://cudl.colorado.edu//luna/servlet/detail/CUB~49~49~32~1247887"
"CU Museum of Natural History: Olsen-Chubbuck Collection","Unit 4-F and projectile point (Fig. B)","Devised","Wheat, Joe Ben","Creator","http://id.loc.gov/authorities/names/n86818999","","","","","","","Still image","http://id.loc.gov/vocabulary/resourceTypes/img","Photographs","http://id.loc.gov/authorities/genreForms/gf2017027249","1958/1960","","","","1 photograph; 4.5” x 4.5”","black-and-white photographs","https://vocab.getty.edu/aat/300128347","A photograph of a partially excavated portion of the Olsen-Chubbuck archeological site. There is a round bone in the top right corner marked ""4-F"" in dark ink. There is a dark, semi-triangular projectile point in the bottom right corner, with a black and white ruler for scale above it. A lowercase level b is printed in the bottom left corner.","Excavations (Archaeology)","https://lccn.loc.gov/sh85046105","Prehistoric peoples","https://lccn.loc.gov/sh85080302","Bison","https://lccn.loc.gov/sh85014451","Paleo-Indians","https://lccn.loc.gov/sh85097016","Projectile points","https://lccn.loc.gov/sh85107373","","","Olsen-Chubbuck Site (Colo.)","https://lccn.loc.gov/sh2006006916","Twentieth century","https://lccn.loc.gov/sh85139020","arc-olc04_003_018.jpg","https://ark.colorado.edu/ark:/47540/x1210n2200fs","CU Museum of Natural History","2024","image/jpeg","local","reformatted digital","This Item is protected by copyright and/or related rights. You are free to use this Item in any way that is permitted by the copyright and related rights legislation that applies to your use. For other uses you need to obtain permission from the rights-holder(s).","http://rightsstatements.org/vocab/InC/1.0/","27","1247892","5254","arc-olc04_003_018.jpg","https://cudl.colorado.edu//luna/servlet/detail/CUB~49~49~27~1247892"
"CU Museum of Natural History: Olsen-Chubbuck Collection","Unit lists, unit and section drawings: field notebook, illustrations, notes","Devised","Wheat, Joe Ben","Creator","http://id.loc.gov/authorities/names/n86818999","","","","","","","Text","http://id.loc.gov/vocabulary/resourceTypes/txt","Field notes","https://vocab.getty.edu/aat/300027201","1960","English","http://id.loc.gov/vocabulary/iso639-2/eng","eng","87 pages","Records (Documents)","http://id.loc.gov/authorities/genreForms/gf2014026163","This field notebook and its loose pages contain primarily illustrations and related notes on the Olsen-Chubbuck archeological dig site. ","Excavations (Archaeology)","https://lccn.loc.gov/sh85046105","Prehistoric peoples","https://lccn.loc.gov/sh85080302","Bison","https://lccn.loc.gov/sh85014451","Paleo-Indians","https://lccn.loc.gov/sh85097016","","","","","Olsen-Chubbuck Site (Colo.)","https://lccn.loc.gov/sh2006006916","Twentieth century","https://lccn.loc.gov/sh85139020","arc-olc02-01_001_001.pdf","","CU Museum of Natural History","2024","application/pdf","https://www.iana.org/assignments/media-types/application/pdf
","reformatted digital
","This Item is protected by copyright and/or related rights. You are free to use this Item in any way that is permitted by the copyright and related rights legislation that applies to your use. For other uses you need to obtain permission from the rights-holder(s).","http://rightsstatements.org/vocab/InC/1.0/","3","1247930","5251","arc-olc02-01_001_001.pdf","https://cudl.colorado.edu//luna/servlet/detail/CUB~49~49~3~1247930"
